ID,City,Date,Season,MatchNumber,Team1,Team2,Venue,TossWinner,TossDecision,SuperOver,WinningTeam,WonBy,Margin,method,Player_of_Match,Team1Players,Team2Players,Umpire1,Umpire2
1312200,Ahmedabad,2022-05-29,2022,Final,Rajasthan Royals,Gujarat Titans,"Narendra Modi Stadium, Ahmedabad",Rajasthan Royals,bat,N,Gujarat Titans,Wickets,7.0,,HH Pandya,"['YBK Jaiswal', 'JC Buttler', 'SV Samson', 'D Padikkal', 'SO Hetmyer', 'R Ashwin', 'R Parag', 'TA Boult', 'OC McCoy', 'M Prasidh Krishna', 'YS Chahal']","['WP Saha', 'Shubman Gill', 'MS Wade', 'HH Pandya', 'DA Miller', 'R Tewatia', 'Rashid Khan', 'R Sai Kishore', 'LH Ferguson', 'Yash Dayal', 'Mohammed Shami']",CB Gaffaney,Nitin Menon
1312199,Ahmedabad,2022-05-27,2022,Qualifier 2,Royal Challengers Bangalore,Rajasthan Royals,"Narendra Modi Stadium, Ahmedabad",Rajasthan Royals,field,N,Rajasthan Royals,Wickets,7.0,,JC Buttler,"['V Kohli', 'F du Plessis', 'RM Patidar', 'GJ Maxwell', 'MK Lomror', 'KD Karthik', 'Shahbaz Ahmed', 'PWH de Silva', 'HV Patel', 'JR Hazlewood', 'Mohammed Siraj']","['YBK Jaiswal', 'JC Buttler', 'SV Samson', 'D Padikkal', 'SO Hetmyer', 'R Parag', 'R Ashwin', 'TA Boult', 'YS Chahal', 'M Prasidh Krishna', 'OC McCoy']",CB Gaffaney,Nitin Menon
1312198,Kolkata,2022-05-25,2022,Eliminator,Royal Challengers Bangalore,Lucknow Super Giants,"Eden Gardens, Kolkata",Lucknow Super Giants,field,N,Royal Challengers Bangalore,Runs,14.0,,RM Patidar,"['V Kohli', 'F du Plessis', 'RM Patidar', 'GJ Maxwell', 'MK Lomror', 'KD Karthik', 'Shahbaz Ahmed', 'HV Patel', 'PWH de Silva', 'JR Hazlewood', 'Mohammed Siraj']","['Q de Kock', 'KL Rahul', 'M Vohra', 'DJ Hooda', 'MP Stoinis', 'E Lewis', 'KH Pandya', 'PVD Chameera', 'Mohsin Khan', 'Avesh Khan', 'Ravi Bishnoi']",J Madanagopal,MA Gough
1312197,Kolkata,2022-05-24,2022,Qualifier 1,Rajasthan Royals,Gujarat Titans,"Eden Gardens, Kolkata",Gujarat Titans,field,N,Gujarat Titans,Wickets,7.0,,DA Miller,"['YBK Jaiswal', 'JC Buttler', 'SV Samson', 'D Padikkal', 'SO Hetmyer', 'R Parag', 'R Ashwin', 'TA Boult', 'YS Chahal', 'M Prasidh Krishna', 'OC McCoy']","['WP Saha', 'Shubman Gill', 'MS Wade', 'HH Pandya', 'DA Miller', 'R Tewatia', 'Rashid Khan', 'R Sai Kishore', 'AS Joseph', 'Yash Dayal', 'Mohammed Shami']",BNJ Oxenford,VK Sharma
1304116,Mumbai,2022-05-22,2022,70,Sunrisers Hyderabad,Punjab Kings,"Wankhede Stadium, Mumbai",Sunrisers Hyderabad,bat,N,Punjab Kings,Wickets,5.0,,Harpreet Brar,"['PK Garg', 'Abhishek Sharma', 'RA Tripathi', 'AK Markram', 'N Pooran', 'Washington Sundar', 'R Shepherd', 'J Suchith', 'B Kumar', 'Umran Malik', 'Fazalhaq Farooqi']","['JM Bairstow', 'S Dhawan', 'M Shahrukh Khan', 'MA Agarwal', 'LS Livingstone', 'JM Sharma', 'PN Mankad', 'Harpreet Brar', 'K Rabada', 'NT Ellis', 'Arshdeep Singh']",AK Chaudhary,NA Patwardhan
1304115,Mumbai,2022-05-21,2022,69,Delhi Capitals,Mumbai Indians,"Wankhede Stadium, Mumbai",Mumbai Indians,field,N,Mumbai Indians,Wickets,5.0,,JJ Bumrah,"['PP Shaw', 'DA Warner', 'MR Marsh', 'RR Pant', 'SN Khan', 'R Powell', 'AR Patel', 'SN Thakur', 'Kuldeep Yadav', 'A Nortje', 'KK Ahmed']","['Ishan Kishan', 'RG Sharma', 'D Brevis', 'Tilak Varma', 'TH David', 'Ramandeep Singh', 'DR Sams', 'HR Shokeen', 'JJ Bumrah', 'M Markande', 'RP Meredith']",Nitin Menon,Tapan Sharma
1304114,Mumbai,2022-05-20,2022,68,Chennai Super Kings,Rajasthan Royals,"Brabourne Stadium, Mumbai",Chennai Super Kings,bat,N,Rajasthan Royals,Wickets,5.0,,R Ashwin,"['RD Gaikwad', 'DP Conway', 'MM Ali', 'N Jagadeesan', 'AT Rayudu', 'MS Dhoni', 'MJ Santner', 'Simarjeet Singh', 'Mukesh Choudhary', 'PH Solanki', 'M Pathirana']","['YBK Jaiswal', 'JC Buttler', 'SV Samson', 'D Padikkal', 'R Ashwin', 'SO Hetmyer', 'R Parag', 'TA Boult', 'YS Chahal', 'M Prasidh Krishna', 'OC McCoy']",CB Gaffaney,NA Patwardhan
1304113,Mumbai,2022-05-19,2022,67,Gujarat Titans,Royal Challengers Bangalore,"Wankhede Stadium, Mumbai",Gujarat Titans,bat,N,Royal Challengers Bangalore,Wickets,8.0,,V Kohli,"['WP Saha', 'Shubman Gill', 'MS Wade', 'HH Pandya', 'DA Miller', 'R Tewatia', 'Rashid Khan', 'R Sai Kishore', 'LH Ferguson', 'Yash Dayal', 'Mohammed Shami']","['V Kohli', 'F du Plessis', 'GJ Maxwell', 'KD Karthik', 'RM Patidar', 'MK Lomror', 'Shahbaz Ahmed', 'HV Patel', 'PWH de Silva', 'JR Hazlewood', 'S Kaul']",KN Ananthapadmanabhan,GR Sadashiv Iyer
1304112,Navi Mumbai,2022-05-18,2022,66,Lucknow Super Giants,Kolkata Knight Riders,"Dr DY Patil Sports Academy, Mumbai",Lucknow Super Giants,bat,N,Lucknow Super Giants,Runs,2.0,,Q de Kock,"['Q de Kock', 'KL Rahul', 'E Lewis', 'DJ Hooda', 'M Vohra', 'MP Stoinis', 'JO Holder', 'K Gowtham', 'Mohsin Khan', 'Avesh Khan', 'Ravi Bishnoi']","['VR Iyer', 'A Tomar', 'N Rana', 'SS Iyer', 'SW Billings', 'AD Russell', 'RK Singh', 'SP Narine', 'UT Yadav', 'TG Southee', 'CV Varun']",R Pandit,YC Barde
1304111,Mumbai,2022-05-17,2022,65,Sunrisers Hyderabad,Mumbai Indians,"Wankhede Stadium, Mumbai",Mumbai Indians,field,N,Sunrisers Hyderabad,Runs,3.0,,RA Tripathi,"['Abhishek Sharma', 'PK Garg', 'RA Tripathi', 'N Pooran', 'AK Markram', 'KS Williamson', 'Washington Sundar', 'B Kumar', 'Umran Malik', 'T Natarajan', 'Fazalhaq Farooqi']","['RG Sharma', 'Ishan Kishan', 'DR Sams', 'Tilak Varma', 'TH David', 'T Stubbs', 'Ramandeep Singh', 'R Sanjay Yadav', 'JJ Bumrah', 'M Markande', 'RP Meredith']",CB Gaffaney,N Pandit
1304110,Navi Mumbai,2022-05-16,2022,64,Delhi Capitals,Punjab Kings,"Dr DY Patil Sports Academy, Mumbai",Punjab Kings,field,N,Delhi Capitals,Runs,17.0,,SN Thakur,"['DA Warner', 'SN Khan', 'MR Marsh', 'Lalit Yadav', 'RR Pant', 'R Powell', 'AR Patel', 'SN Thakur', 'Kuldeep Yadav', 'A Nortje', 'KK Ahmed']","['JM Bairstow', 'S Dhawan', 'PBB Rajapaksa', 'LS Livingstone', 'MA Agarwal', 'JM Sharma', 'Harpreet Brar', 'R Dhawan', 'RD Chahar', 'K Rabada', 'Arshdeep Singh']",GR Sadashiv Iyer,Nitin Menon
1304109,Mumbai,2022-05-15,2022,63,Rajasthan Royals,Lucknow Super Giants,"Brabourne Stadium, Mumbai",Rajasthan Royals,bat,N,Rajasthan Royals,Runs,24.0,,TA Boult,"['YBK Jaiswal', 'JC Buttler', 'SV Samson', 'D Padikkal', 'R Parag', 'JDS Neesham', 'R Ashwin', 'TA Boult', 'M Prasidh Krishna', 'YS Chahal', 'OC McCoy']","['Q de Kock', 'KL Rahul', 'A Badoni', 'DJ Hooda', 'KH Pandya', 'MP Stoinis', 'JO Holder', 'PVD Chameera', 'Mohsin Khan', 'Avesh Khan', 'Ravi Bishnoi']",PG Pathak,Tapan Sharma
1304108,Mumbai,2022-05-15,2022,62,Chennai Super Kings,Gujarat Titans,"Wankhede Stadium, Mumbai",Chennai Super Kings,bat,N,Gujarat Titans,Wickets,7.0,,WP Saha,"['RD Gaikwad', 'DP Conway', 'MM Ali', 'N Jagadeesan', 'S Dube', 'MS Dhoni', 'MJ Santner', 'PH Solanki', 'Simarjeet Singh', 'M Pathirana', 'Mukesh Choudhary']","['WP Saha', 'Shubman Gill', 'MS Wade', 'HH Pandya', 'DA Miller', 'R Tewatia', 'Rashid Khan', 'R Sai Kishore', 'AS Joseph', 'Yash Dayal', 'Mohammed Shami']",R Pandit,VK Sharma
1304107,Pune,2022-05-14,2022,61,Kolkata Knight Riders,Sunrisers Hyderabad,"Maharashtra Cricket Association Stadium, Pune",Kolkata Knight Riders,bat,N,Kolkata Knight Riders,Runs,54.0,,AD Russell,"['VR Iyer', 'AM Rahane', 'N Rana', 'SS Iyer', 'SW Billings', 'RK Singh', 'AD Russell', 'SP Narine', 'UT Yadav', 'TG Southee', 'CV Varun']","['Abhishek Sharma', 'KS Williamson', 'RA Tripathi', 'AK Markram', 'N Pooran', 'Washington Sundar', 'Shashank Singh', 'M Jansen', 'B Kumar', 'Umran Malik', 'T Natarajan']",AK Chaudhary,KN Ananthapadmanabhan
1304106,Mumbai,2022-05-13,2022,60,Punjab Kings,Royal Challengers Bangalore,"Brabourne Stadium, Mumbai",Royal Challengers Bangalore,field,N,Punjab Kings,Runs,54.0,,JM Bairstow,"['JM Bairstow', 'S Dhawan', 'PBB Rajapaksa', 'LS Livingstone', 'MA Agarwal', 'JM Sharma', 'Harpreet Brar', 'R Dhawan', 'RD Chahar', 'K Rabada', 'Arshdeep Singh']","['V Kohli', 'F du Plessis', 'RM Patidar', 'MK Lomror', 'GJ Maxwell', 'KD Karthik', 'Shahbaz Ahmed', 'HV Patel', 'PWH de Silva', 'Mohammed Siraj', 'JR Hazlewood']",J Madanagopal,N Pandit
1304105,Mumbai,2022-05-12,2022,59,Chennai Super Kings,Mumbai Indians,"Wankhede Stadium, Mumbai",Mumbai Indians,field,N,Mumbai Indians,Wickets,5.0,,DR Sams,"['RD Gaikwad', 'DP Conway', 'MM Ali', 'RV Uthappa', 'AT Rayudu', 'MS Dhoni', 'S Dube', 'DJ Bravo', 'Simarjeet Singh', 'M Theekshana', 'Mukesh Choudhary']","['Ishan Kishan', 'RG Sharma', 'DR Sams', 'Tilak Varma', 'T Stubbs', 'HR Shokeen', 'TH David', 'Ramandeep Singh', 'JJ Bumrah', 'RP Meredith', 'K Kartikeya']",Chirra Ravikanthreddy,CB Gaffaney
1304104,Navi Mumbai,2022-05-11,2022,58,Rajasthan Royals,Delhi Capitals,"Dr DY Patil Sports Academy, Mumbai",Delhi Capitals,field,N,Delhi Capitals,Wickets,8.0,,MR Marsh,"['YBK Jaiswal', 'JC Buttler', 'R Ashwin', 'D Padikkal', 'SV Samson', 'R Parag', 'HE van der Dussen', 'TA Boult', 'M Prasidh Krishna', 'YS Chahal', 'KR Sen']","['KS Bharat', 'DA Warner', 'MR Marsh', 'RR Pant', 'R Powell', 'Lalit Yadav', 'AR Patel', 'SN Thakur', 'Kuldeep Yadav', 'A Nortje', 'C Sakariya']",NA Patwardhan,Nitin Menon
1304103,Pune,2022-05-10,2022,57,Gujarat Titans,Lucknow Super Giants,"Maharashtra Cricket Association Stadium, Pune",Gujarat Titans,bat,N,Gujarat Titans,Runs,62.0,,Shubman Gill,"['WP Saha', 'Shubman Gill', 'MS Wade', 'HH Pandya', 'DA Miller', 'R Tewatia', 'Rashid Khan', 'R Sai Kishore', 'AS Joseph', 'Yash Dayal', 'Mohammed Shami']","['Q de Kock', 'KL Rahul', 'DJ Hooda', 'KS Sharma', 'KH Pandya', 'A Badoni', 'MP Stoinis', 'JO Holder', 'Mohsin Khan', 'PVD Chameera', 'Avesh Khan']",KN Ananthapadmanabhan,MA Gough
1304102,Navi Mumbai,2022-05-09,2022,56,Kolkata Knight Riders,Mumbai Indians,"Dr DY Patil Sports Academy, Mumbai",Mumbai Indians,field,N,Kolkata Knight Riders,Runs,52.0,,JJ Bumrah,"['VR Iyer', 'AM Rahane', 'N Rana', 'SS Iyer', 'AD Russell', 'RK Singh', 'SP Jackson', 'PJ Cummins', 'SP Narine', 'TG Southee', 'CV Varun']","['RG Sharma', 'Ishan Kishan', 'Tilak Varma', 'Ramandeep Singh', 'TH David', 'KA Pollard', 'DR Sams', 'M Ashwin', 'K Kartikeya', 'JJ Bumrah', 'RP Meredith']",CB Gaffaney,GR Sadashiv Iyer
1304101,Navi Mumbai,2022-05-08,2022,55,Chennai Super Kings,Delhi Capitals,"Dr DY Patil Sports Academy, Mumbai",Delhi Capitals,field,N,Chennai Super Kings,Runs,91.0,,DP Conway,"['RD Gaikwad', 'DP Conway', 'S Dube', 'AT Rayudu', 'MS Dhoni', 'MM Ali', 'RV Uthappa', 'DJ Bravo', 'Simarjeet Singh', 'M Theekshana', 'Mukesh Choudhary']","['DA Warner', 'KS Bharat', 'MR Marsh', 'RR Pant', 'R Powell', 'RV Patel', 'AR Patel', 'SN Thakur', 'Kuldeep Yadav', 'A Nortje', 'KK Ahmed']",Nitin Menon,R Pandit
