product,category,date,sales_amount
Headphones,Electronics,2025-01-05,2469
Headphones,Electronics,2025-01-12,2360
Headphones,Electronics,2025-01-19,2577
T-shirt,Clothing,2025-01-05,1019
T-shirt,Clothing,2025-01-12,754
T-shirt,Clothing,2025-01-19,791
Food basket,Groceries,2025-01-05,595
Food basket,Groceries,2025-01-12,588
Food basket,Groceries,2025-01-19,710
Headphones,Electronics,2025-02-05,2425
Headphones,Electronics,2025-02-12,2465
Headphones,Electronics,2025-02-19,2389
T-shirt,Clothing,2025-02-05,1056
T-shirt,Clothing,2025-02-12,971
T-shirt,Clothing,2025-02-19,969
Food basket,Groceries,2025-02-05,604
Food basket,Groceries,2025-02-12,618
Food basket,Groceries,2025-02-19,839
Headphones,Electronics,2025-03-05,2450
Headphones,Electronics,2025-03-12,2613
Headphones,Electronics,2025-03-19,2591
T-shirt,Clothing,2025-03-05,805
T-shirt,Clothing,2025-03-12,947
T-shirt,Clothing,2025-03-19,967
Food basket,Groceries,2025-03-05,745
Food basket,Groceries,2025-03-12,637
Food basket,Groceries,2025-03-19,821
Headphones,Electronics,2025-04-05,2467
Headphones,Electronics,2025-04-12,2495
Headphones,Electronics,2025-04-19,2515
T-shirt,Clothing,2025-04-05,929
T-shirt,Clothing,2025-04-12,976
T-shirt,Clothing,2025-04-19,1092
Food basket,Groceries,2025-04-05,780
Food basket,Groceries,2025-04-12,862
Food basket,Groceries,2025-04-19,919
Headphones,Electronics,2025-05-05,2490
Headphones,Electronics,2025-05-12,2502
Headphones,Electronics,2025-05-19,2592
T-shirt,Clothing,2025-05-05,931
T-shirt,Clothing,2025-05-12,1082
T-shirt,Clothing,2025-05-19,1076
Food basket,Groceries,2025-05-05,879
Food basket,Groceries,2025-05-12,959
Food basket,Groceries,2025-05-19,802
Headphones,Electronics,2025-06-05,2737
Headphones,Electronics,2025-06-12,2753
Headphones,Electronics,2025-06-19,2724
T-shirt,Clothing,2025-06-05,1001
T-shirt,Clothing,2025-06-12,929
T-shirt,Clothing,2025-06-19,1169
Food basket,Groceries,2025-06-05,991
Food basket,Groceries,2025-06-12,809
Food basket,Groceries,2025-06-19,905
Headphones,Electronics,2025-07-05,2545
Headphones,Electronics,2025-07-12,2757
Headphones,Electronics,2025-07-19,2750
T-shirt,Clothing,2025-07-05,1067
T-shirt,Clothing,2025-07-12,1181
T-shirt,Clothing,2025-07-19,1011
Food basket,Groceries,2025-07-05,1036
Food basket,Groceries,2025-07-12,983
Food basket,Groceries,2025-07-19,990
Headphones,Electronics,2025-08-05,2729
Headphones,Electronics,2025-08-12,2544
Headphones,Electronics,2025-08-19,2764
T-shirt,Clothing,2025-08-05,1194
T-shirt,Clothing,2025-08-12,1040
T-shirt,Clothing,2025-08-19,1238
Food basket,Groceries,2025-08-05,820
Food basket,Groceries,2025-08-12,900
Food basket,Groceries,2025-08-19,1009
Headphones,Electronics,2025-09-05,2798
Headphones,Electronics,2025-09-12,2571
Headphones,Electronics,2025-09-19,2641
T-shirt,Clothing,2025-09-05,1299
T-shirt,Clothing,2025-09-12,1184
T-shirt,Clothing,2025-09-19,1055
Food basket,Groceries,2025-09-05,918
Food basket,Groceries,2025-09-12,995
Food basket,Groceries,2025-09-19,815
Headphones,Electronics,2025-10-05,2726
Headphones,Electronics,2025-10-12,2675
Headphones,Electronics,2025-10-19,2697
T-shirt,Clothing,2025-10-05,1240
T-shirt,Clothing,2025-10-12,1101
T-shirt,Clothing,2025-10-19,1325
Food basket,Groceries,2025-10-05,1084
Food basket,Groceries,2025-10-12,1045
Food basket,Groceries,2025-10-19,1125
Headphones,Electronics,2025-11-05,2660
Headphones,Electronics,2025-11-12,2854
Headphones,Electronics,2025-11-19,2901
T-shirt,Clothing,2025-11-05,1265
T-shirt,Clothing,2025-11-12,1249
T-shirt,Clothing,2025-11-19,1299
Food basket,Groceries,2025-11-05,1102
Food basket,Groceries,2025-11-12,1046
Food basket,Groceries,2025-11-19,1045
Headphones,Electronics,2025-12-05,2838
Headphones,Electronics,2025-12-12,2888
Headphones,Electronics,2025-12-19,2942
T-shirt,Clothing,2025-12-05,1365
T-shirt,Clothing,2025-12-12,1205
T-shirt,Clothing,2025-12-19,1383
Food basket,Groceries,2025-12-05,986
Food basket,Groceries,2025-12-12,1117
Food basket,Groceries,2025-12-19,1205
